{
    "app-id": "io.github.software_made_easy.MarkdownEdit",
    "runtime": "org.kde.Platform",
    "runtime-version": "6.3",
    "sdk": "org.kde.Sdk",
    "command": "markdownedit",
    "rename-desktop-file": "MarkdownEdit.desktop",
    "rename-icon": "Icon",
    "finish-args": [
        "--share=ipc",
        "--socket=x11",
        "--socket=wayland",
        "--filesystem=host",
        "--filesystem=xdg-config/gtk-3.0",
        "--filesystem=xdg-run/gvfs",
        "--filesystem=xdg-run/gvfsd",
        "--talk-name=org.gtk.vfs.*",
        "--share=network",
        "--device=dri"
    ],
    "modules": [
        {
            "name": "markdownedit",
            "buildsystem": "cmake-ninja",
            "config-opts": ["-DFLATPAK=ON", "-DCMAKE_BUILD_TYPE=RelWithDebInfo"],
            "sources": [
                {
                    "type": "git",
                    "url": "https://github.com/software-made-easy/MarkdownEdit.git",
                    "branch": "main"
                }
            ]
        }
    ]
}

